Discourse_Label,proportion
Process,0.47302827380952384
Feature,0.2702752976190476
Risk-Benefit,0.25669642857142855
