model,low_conf_count,share
Type,63,0.01171875
Stance,334,0.06212797619047619
Sentiment,208,0.03869047619047619
Discourse,35,0.006510416666666667
