Sentiment_Label,proportion
neutral,0.5982142857142857
positive,0.32384672619047616
negative,0.0779389880952381
