Stance_Label,proportion
Pro-CBDC,0.47451636904761907
Wait-and-See,0.42875744047619047
Anti-CBDC,0.09672619047619048
