Type_Label,proportion
Retail CBDC,0.5130208333333334
General/Unspecified,0.4114583333333333
Wholesale CBDC,0.07552083333333333
